BEGIN TRANSACTION;
INSERT INTO "ville" ("idVille","nomVille","codePostale","idAdresse") VALUES (1,'Drancy',93700,11),
 (2,'Tourcoing',59200,1),
 (3,'Saumur',49400,2),
 (4,'Joué-lès-Tours',37300,3),
 (5,'Lyon',69001,6),
 (6,'Vierzon',18100,8),
 (7,'Angers',49000,10),
 (8,'Marseille',13015,4),
 (9,'Palaiseau',91120,5),
 (10,'Nancy',54000,9),
 (11,'Blois',41000,7);
INSERT INTO "Produit" ("idProduit","typeProduit","prixProduit","idCategorie") VALUES (1,'douilles',8.6,5),
 (2,'interrupteur simple',6.75,5),
 (3,'store screen solaire',40,2),
 (51,'planche de bois',40,13),
 (52,'aequa',9,12),
 (53,'appuies et seuils de baies',40,8),
 (4,'store occultant isolant',30,2),
 (5,'store duo occultant & tamisant',45,2),
 (6,'store plissé',32,2),
 (7,'store vénitien',19,2),
 (8,'store bateau',28,2),
 (9,'store occultant',39,2),
 (10,'diable',60,11),
 (11,'perforateur burineur',115,11),
 (12,'ponceuse portative',80,11),
 (13,'fenêtre à projection',372.95,2),
 (14,'fenêtre à rotation',189,2),
 (15,'volet roulant traditionnel',130,2),
 (16,'volet autonome solaire',499.99,2),
 (17,'volets battants aluminium',354,2),
 (18,'volets coulissants aluminium',487,2),
 (19,'volets battants bois',139,2),
 (20,'volets battants pvc',279,2),
 (21,'volets persiennés',234.5,2),
 (22,'brise soleil orientable',805,2),
 (23,'interrupteur Double',12.59,5),
 (24,'moustiquaire',18.99,2),
 (25,'mitigeur lavabo large',78,14),
 (26,'porte en PVC',750,2),
 (27,'porte en aluminium',1049.3,2),
 (28,'porte en acier',379,2),
 (29,'porte en bois',269,2),
 (30,'equerre large renforcée',8,3),
 (31,'equerre renforcée ACRL10520',5,3),
 (32,'colonne de douche',139,14),
 (33,'peinture acrylique mat',18.75,4),
 (34,'laine de roche',61.95,1),
 (35,'laine de verre',54.9,1),
 (36,'chevilles métalliques',0.99,14),
 (37,'ardoise artoit',13.79,9),
 (38,'plaque ondulée coloronde',38.9,9),
 (39,'aspirateur de cheminée',105,7),
 (40,'carelage',20,6),
 (41,'arrêts de parquets',13.25,12),
 (42,'fixation pour carotteuse',65,3),
 (43,'fixation pour cadres',4.4,3),
 (44,'bande adhésive',15,1),
 (45,'colle acrylique',5,12),
 (46,'bâche de protection',22.9,9),
 (47,'manchons tout travaux',5.51,4),
 (48,'spatules japonaises en acier',9.99,4),
 (49,'joint détanchéité',6.78,3),
 (50,'bordure florac',18,8);
INSERT INTO "Adherent" ("idAdhérent","nomAdherent","prenomAdherent","adresseMail","numTel","idAdresse") VALUES (1,'LEROI','Mathilde','leroi.mathilde@gmail.com','06 54 12 63 14',1),
 (2,'DUPONT','Louis','dupont.louis@gmail.com','06 41 23 78 54',2),
 (3,'MARCHAND','Chloé','marchand.chloé@gmail.com','07 85 41 23 65',3),
 (4,'DARWIN','Charles','darwin.charles@gmail.com','06 45 10 32 01',4),
 (5,'FERDINAND','Maëlys','ferdinand.maelys@gmail.com','06 54 12 87 42',5),
 (6,'GOMEZ','anna','gomez.anna@gmail.com','06 02 14 73 54',6),
 (8,'MARLEAU','Océane','oceane.marleau@gmail.com','06 99 31 59 04',9),
 (9,'SABOURIN','Astrid','astrid.sabourin@gmail.com','07 50 22 89 86',10),
 (10,'BERIAULT','Antoine','antoine.beriault@orange.fr','07 00 19 54 10',11),
 (11,'BROCHU','Caroline','caroline.brochu@gmail.com','06 68 93 03 57',12),
 (12,'ROBILLARD','Stéphane','stephane.robillard@gmail.com','06 31 44 56 45',7),
 (7,'JAGGER','Mick','mick.jagger@gmail.com','06 84 71 24 56',8),
 (13,'BOWIE','David','david.bowie@orange.fr','06 01 05 04 97',13),
 (14,'HALEN','Marcel','marcel.halen@orange.fr','07 45 39 18 14',14),
 (15,'MERCURIE','Frédéric','frédéric.mercury@gmail.com','06 78 14 56 23',15),
 (16,'GARFUNKEL','Simeon','simen.garfunkel@gmail.fr','07 21 45 36 59',16),
 (17,'LENNON','John','john.lennon@orange.fr','06 23 22 21 20',17);
INSERT INTO "adresse" ("idAdresse","numRue","nomRue","idLivraison") VALUES (1,'12','rue de chataigne',15),
 (2,'33','avenue Saint-Laurent',12),
 (3,'18','rue de la Cyprenne',14),
 (4,'24','avenue Saint-Laurent',6),
 (5,'12bis','rue de L''Yvette',3),
 (6,'1','rue Nicolas Appert',13),
 (12,'35','quai Saint-Nicolas',2),
 (13,'85','rue du Président Roosevelt',16),
 (14,'42','route de Lyon',4),
 (15,'26','boulevard de la Liberation',8),
 (16,'95','Square de la Couronne',9),
 (17,'8','rue de la République',5),
 (7,'11','avenue de l''Amandier',11),
 (8,'2','Place du Jeu de Paume',1),
 (9,'31','place Stanislas',10),
 (10,'92','Chemin Des Bateliers',7),
 (11,'99','rue Cazade',17);
INSERT INTO "Categorie" ("idCatégorie","nomCatégorie") VALUES (1,'Isolation'),
 (2,'Menuiserie'),
 (3,'Quincaillerie'),
 (4,'Peinture/Decoration'),
 (5,'Electricite'),
 (6,'Carrelage'),
 (7,'Chauffage'),
 (8,'Aménagement extérieur'),
 (9,'Toiture'),
 (10,'Protection/Sécurité'),
 (11,'Outillage'),
 (12,'Bois rabotés-panneaux'),
 (13,'Bois bruts'),
 (14,'Sanitaire');
INSERT INTO "quantiteCommande" ("idProduit","idCommande","quantité") VALUES (1,2,10),
 (2,2,8),
 (3,1,7),
 (1,1,8),
 (45,1,2),
 (47,2,4),
 (37,5,20),
 (45,5,1),
 (3,5,1),
 (40,5,15),
 (48,5,3),
 (34,5,1),
 (13,5,1),
 (2,5,14),
 (47,6,5),
 (35,6,1),
 (44,7,3),
 (29,7,2),
 (33,8,2),
 (47,9,2),
 (2,10,4),
 (17,10,2),
 (30,10,8),
 (50,11,15),
 (40,12,9),
 (1,13,2),
 (36,13,6),
 (33,13,5),
 (10,13,1),
 (12,14,1),
 (3,14,1),
 (40,14,26),
 (1,15,1),
 (28,15,1),
 (24,15,2),
 (32,15,1);
INSERT INTO "Livraison" ("idLivraisons","dateLivraison") VALUES (1,'2022-01-03'),
 (2,'2022-01-19'),
 (3,'2022-01-25'),
 (4,'2022-04-22'),
 (5,'2022-05-03'),
 (16,'2022-11-18'),
 (17,'2022-12-21'),
 (6,'2022-06-15'),
 (7,'2022-06-21'),
 (8,'2022-06-28'),
 (9,'2022-08-04'),
 (10,'2022-08-10'),
 (11,'2022-08-11'),
 (12,'2022-09-16'),
 (13,'2022-11-07'),
 (14,'2022-11-10'),
 (15,'2022-11-11');
INSERT INTO "commande" ("idCommande","dateCommande","idAdherent","idlivraison") VALUES (1,'2022-01-01',1,1),
 (2,'2022-01-07',2,2),
 (5,'2022-01-20',1,3),
 (6,'2022-03-20',5,3),
 (12,'2022-04-03',3,10),
 (8,'2022-06-01',6,6),
 (9,'2022-06-12',9,7),
 (10,'2022-06-24',12,8),
 (11,'2022-07-02',10,9),
 (7,'2022-08-10',2,4),
 (13,'2022-08-04',2,11),
 (14,'2022-08-10',11,12),
 (15,'2022-11-02',1,13);
COMMIT;
